ZN,INDUS,CHAS,NOX,CRIM,RM,AGE,DIS,RAD,TAX,PTRATIO,B,LSTAT,MEDV
18,2.31,0,0.538,0.00632,6.575,65.2,4.09,1,296,15.3,396.9,4.98,24
0,7.07,0,0.469,0.02731,6.421,78.9,4.9671,2,242,17.8,396.9,9.14,22
0,7.07,0,0.469,0.02729,7.185,61.1,4.9671,2,242,17.8,392.83,4.03,35
0,2.18,0,0.458,0.03237,6.998,45.8,6.0622,3,222,18.7,394.63,2.94,33
0,2.18,0,0.458,0.06905,7.147,54.2,6.0622,3,222,18.7,396.9,5.33,36
0,2.18,0,0.458,0.02985,6.43,58.7,6.0622,3,222,18.7,394.12,5.21,29
12.5,7.87,0,0.524,0.08829,6.012,66.6,5.5605,5,311,15.2,395.6,12.43,23
12.5,7.87,0,0.524,0.14455,6.172,96.1,5.9505,5,311,15.2,396.9,19.15,27
12.5,7.87,0,0.524,0.21124,5.631,100,6.0821,5,311,15.2,386.63,29.93,17
12.5,7.87,0,0.524,0.17004,6.004,85.9,6.5921,5,311,15.2,386.71,17.1,19
12.5,7.87,0,0.524,0.22489,6.377,94.3,6.3467,5,311,15.2,392.52,20.45,15
12.5,7.87,0,0.524,0.11747,6.009,82.9,6.2267,5,311,15.2,396.9,13.27,19
12.5,7.87,0,0.524,0.09378,5.889,39,5.4509,5,311,15.2,390.5,15.71,22
0,8.14,0,0.538,0.62976,5.949,61.8,4.7075,4,307,21,396.9,8.26,20
0,8.14,0,0.538,0.63796,6.096,84.5,4.4619,4,307,21,380.02,10.26,18
0,8.14,0,0.538,0.62739,5.834,56.5,4.4986,4,307,21,395.62,8.47,20
0,8.14,0,0.538,1.05393,5.935,29.3,4.4986,4,307,21,386.85,6.58,23
0,8.14,0,0.538,0.7842,5.99,81.7,4.2579,4,307,21,386.75,14.67,18
0,8.14,0,0.538,0.80271,5.456,36.6,3.7965,4,307,21,288.99,11.69,20
0,8.14,0,0.538,0.7258,5.727,69.5,3.7965,4,307,21,390.95,11.28,18
0,8.14,0,0.538,1.25179,5.57,98.1,3.7979,4,307,21,376.57,21.02,14
0,8.14,0,0.538,0.85204,5.965,89.2,4.0123,4,307,21,392.53,13.83,20
0,8.14,0,0.538,1.23247,6.142,91.7,3.9769,4,307,21,396.9,18.72,15
0,8.14,0,0.538,0.98843,5.813,100,4.0952,4,307,21,394.54,19.88,15
0,8.14,0,0.538,0.75026,5.924,94.1,4.3996,4,307,21,394.33,16.3,16
0,8.14,0,0.538,0.84054,5.599,85.7,4.4546,4,307,21,303.42,16.51,14
0,8.14,0,0.538,0.67191,5.813,90.3,4.682,4,307,21,376.88,14.81,17
0,8.14,0,0.538,0.95577,6.047,88.8,4.4534,4,307,21,306.38,17.28,15
0,8.14,0,0.538,0.77299,6.495,94.4,4.4547,4,307,21,387.94,12.8,18
0,8.14,0,0.538,1.00245,6.674,87.3,4.239,4,307,21,380.23,11.98,21
0,8.14,0,0.538,1.13081,5.713,94.1,4.233,4,307,21,360.17,22.6,13
0,8.14,0,0.538,1.35472,6.072,100,4.175,4,307,21,376.73,13.04,15
0,8.14,0,0.538,1.38799,5.95,82,3.99,4,307,21,232.6,27.71,13
0,8.14,0,0.538,1.15172,5.701,95,3.7872,4,307,21,358.77,18.35,13
0,8.14,0,0.538,1.61282,6.096,96.9,3.7598,4,307,21,248.31,20.34,14
0,5.96,0,0.499,0.06417,5.933,68.2,3.3603,5,279,19.2,396.9,9.68,19
0,5.96,0,0.499,0.09744,5.841,61.4,3.3779,5,279,19.2,377.56,11.41,20
0,5.96,0,0.499,0.08014,5.85,41.5,3.9342,5,279,19.2,396.9,8.77,21
0,5.96,0,0.499,0.17505,5.966,30.2,3.8473,5,279,19.2,393.43,10.13,25
75,2.95,0,0.428,0.02763,6.595,21.8,5.4011,3,252,18.3,395.63,4.32,31
75,2.95,0,0.428,0.03359,7.024,15.8,5.4011,3,252,18.3,395.62,1.98,35
0,6.91,0,0.448,0.12744,6.77,2.9,5.7209,3,233,17.9,385.41,4.84,27
0,6.91,0,0.448,0.1415,6.169,6.6,5.7209,3,233,17.9,383.37,5.81,25
0,6.91,0,0.448,0.15936,6.211,6.5,5.7209,3,233,17.9,394.46,7.44,25
0,6.91,0,0.448,0.12269,6.069,40,5.7209,3,233,17.9,389.39,9.55,21
0,6.91,0,0.448,0.17142,5.682,33.8,5.1004,3,233,17.9,396.9,10.21,19
0,6.91,0,0.448,0.18836,5.786,33.3,5.1004,3,233,17.9,396.9,14.15,20
0,6.91,0,0.448,0.22927,6.03,85.5,5.6894,3,233,17.9,392.74,18.8,17
0,6.91,0,0.448,0.25387,5.399,95.3,5.87,3,233,17.9,396.9,30.81,14
0,6.91,0,0.448,0.21977,5.602,62,6.0877,3,233,17.9,396.9,16.2,19
21,5.64,0,0.439,0.08873,5.963,45.7,6.8147,4,243,16.8,395.56,13.45,20
21,5.64,0,0.439,0.04337,6.115,63,6.8147,4,243,16.8,393.97,9.43,21
21,5.64,0,0.439,0.0536,6.511,21.1,6.8147,4,243,16.8,396.9,5.28,25
21,5.64,0,0.439,0.04981,5.998,21.4,6.8147,4,243,16.8,396.9,8.43,23
75,4,0,0.41,0.0136,5.888,47.6,7.3197,3,469,21.1,396.9,14.8,19
90,1.22,0,0.403,0.01311,7.249,21.9,8.6966,5,226,17.9,395.93,4.81,35
85,0.74,0,0.41,0.02055,6.383,35.7,9.1876,2,313,17.3,396.9,5.77,25
100,1.32,0,0.411,0.01432,6.816,40.5,8.3248,5,256,15.1,392.9,3.95,32
25,5.13,0,0.453,0.15445,6.145,29.2,7.8148,8,284,19.7,390.68,6.86,23
25,5.13,0,0.453,0.10328,5.927,47.2,6.932,8,284,19.7,396.9,9.22,20
25,5.13,0,0.453,0.14932,5.741,66.2,7.2254,8,284,19.7,395.11,13.15,19
25,5.13,0,0.453,0.17171,5.966,93.4,6.8185,8,284,19.7,378.08,14.44,16
25,5.13,0,0.453,0.11027,6.456,67.8,7.2255,8,284,19.7,396.9,6.73,22
25,5.13,0,0.453,0.1265,6.762,43.4,7.9809,8,284,19.7,395.58,9.5,25
17.5,1.38,0,0.4161,0.01951,7.104,59.5,9.2229,3,216,18.6,393.24,8.05,33
80,3.37,0,0.398,0.03584,6.29,17.8,6.6115,4,337,16.1,396.9,4.67,24
80,3.37,0,0.398,0.04379,5.787,31.1,6.6115,4,337,16.1,396.9,10.24,19
12.5,6.07,0,0.409,0.05789,5.878,21.4,6.498,4,345,18.9,396.21,8.1,22
12.5,6.07,0,0.409,0.13554,5.594,36.8,6.498,4,345,18.9,396.9,13.09,17
12.5,6.07,0,0.409,0.12816,5.885,33,6.498,4,345,18.9,396.9,8.79,21
0,10.81,0,0.413,0.08826,6.417,6.6,5.2873,4,305,19.2,383.73,6.72,24
0,10.81,0,0.413,0.15876,5.961,17.5,5.2873,4,305,19.2,376.94,9.88,22
0,10.81,0,0.413,0.09164,6.065,7.8,5.2873,4,305,19.2,390.91,5.52,23
0,10.81,0,0.413,0.19539,6.245,6.2,5.2873,4,305,19.2,377.17,7.54,23
0,12.83,0,0.437,0.07896,6.273,6,4.2515,5,398,18.7,394.92,6.78,24
0,12.83,0,0.437,0.09512,6.286,45,4.5026,5,398,18.7,383.23,8.94,21
0,12.83,0,0.437,0.10153,6.279,74.5,4.0522,5,398,18.7,373.66,11.97,20
0,12.83,0,0.437,0.08707,6.14,45.8,4.0905,5,398,18.7,386.96,10.27,21
0,12.83,0,0.437,0.05646,6.232,53.7,5.0141,5,398,18.7,386.4,12.34,21
0,12.83,0,0.437,0.08387,5.874,36.6,4.5026,5,398,18.7,396.06,9.1,20
25,4.86,0,0.426,0.04113,6.727,33.5,5.4007,4,281,19,396.9,5.29,28
25,4.86,0,0.426,0.04462,6.619,70.4,5.4007,4,281,19,395.63,7.22,24
25,4.86,0,0.426,0.03659,6.302,32.2,5.4007,4,281,19,396.9,6.72,25
25,4.86,0,0.426,0.03551,6.167,46.7,5.4007,4,281,19,390.64,7.51,23
0,4.49,0,0.449,0.05059,6.389,48,4.7794,3,247,18.5,396.9,9.62,24
0,4.49,0,0.449,0.05735,6.63,56.1,4.4377,3,247,18.5,392.3,6.53,27
0,4.49,0,0.449,0.05188,6.015,45.1,4.4272,3,247,18.5,395.99,12.86,23
0,4.49,0,0.449,0.07151,6.121,56.8,3.7476,3,247,18.5,395.15,8.44,22
0,3.41,0,0.489,0.0566,7.007,86.3,3.4217,2,270,17.8,396.9,5.5,24
0,3.41,0,0.489,0.05302,7.079,63.1,3.4145,2,270,17.8,396.06,5.7,29
0,3.41,0,0.489,0.04684,6.417,66.1,3.0923,2,270,17.8,392.18,8.81,23
0,3.41,0,0.489,0.03932,6.405,73.9,3.0921,2,270,17.8,393.55,8.2,22
28,15.04,0,0.464,0.04203,6.442,53.6,3.6659,4,270,18.2,395.01,8.16,23
28,15.04,0,0.464,0.02875,6.211,28.9,3.6659,4,270,18.2,396.33,6.21,25
28,15.04,0,0.464,0.04294,6.249,77.3,3.615,4,270,18.2,396.9,10.59,21
0,2.89,0,0.445,0.12204,6.625,57.8,3.4952,2,276,18,357.98,6.65,28
0,2.89,0,0.445,0.11504,6.163,69.6,3.4952,2,276,18,391.83,11.34,21
0,2.89,0,0.445,0.12083,8.069,76,3.4952,2,276,18,396.9,4.21,39
0,2.89,0,0.445,0.08187,7.82,36.9,3.4952,2,276,18,393.53,3.57,44
0,2.89,0,0.445,0.0686,7.416,62.5,3.4952,2,276,18,396.9,6.19,33
0,8.56,0,0.52,0.14866,6.727,79.9,2.7778,5,384,20.9,394.76,9.42,28
0,8.56,0,0.52,0.11432,6.781,71.3,2.8561,5,384,20.9,395.58,7.67,27
0,8.56,0,0.52,0.22876,6.405,85.4,2.7147,5,384,20.9,70.8,10.63,19
0,8.56,0,0.52,0.21161,6.137,87.4,2.7147,5,384,20.9,394.47,13.44,19
0,8.56,0,0.52,0.1396,6.167,90,2.421,5,384,20.9,392.69,12.33,20
0,8.56,0,0.52,0.13262,5.851,96.7,2.1069,5,384,20.9,394.05,16.47,20
0,8.56,0,0.52,0.1712,5.836,91.9,2.211,5,384,20.9,395.67,18.66,20
0,8.56,0,0.52,0.13117,6.127,85.2,2.1224,5,384,20.9,387.69,14.09,20
0,8.56,0,0.52,0.12802,6.474,97.1,2.4329,5,384,20.9,395.24,12.27,20
0,8.56,0,0.52,0.26363,6.229,91.2,2.5451,5,384,20.9,391.23,15.55,19
0,8.56,0,0.52,0.10793,6.195,54.4,2.7778,5,384,20.9,393.49,13,22
0,10.01,0,0.547,0.10084,6.715,81.6,2.6775,6,432,17.8,395.59,10.16,23
0,10.01,0,0.547,0.12329,5.913,92.9,2.3534,6,432,17.8,394.95,16.21,19
0,10.01,0,0.547,0.22212,6.092,95.4,2.548,6,432,17.8,396.9,17.09,19
0,10.01,0,0.547,0.14231,6.254,84.2,2.2565,6,432,17.8,388.74,10.45,19
0,10.01,0,0.547,0.17134,5.928,88.2,2.4631,6,432,17.8,344.91,15.76,18
0,10.01,0,0.547,0.13158,6.176,72.5,2.7301,6,432,17.8,393.3,12.04,21
0,10.01,0,0.547,0.15098,6.021,82.6,2.7474,6,432,17.8,394.51,10.3,19
0,10.01,0,0.547,0.13058,5.872,73.1,2.4775,6,432,17.8,338.63,15.37,20
0,10.01,0,0.547,0.14476,5.731,65.2,2.7592,6,432,17.8,391.5,13.61,19
0,25.65,0,0.581,0.06899,5.87,69.7,2.2577,2,188,19.1,389.15,14.37,22
0,25.65,0,0.581,0.07165,6.004,84.1,2.1974,2,188,19.1,377.67,14.27,20
0,25.65,0,0.581,0.09299,5.961,92.9,2.0869,2,188,19.1,378.09,17.93,21
0,25.65,0,0.581,0.15038,5.856,97,1.9444,2,188,19.1,370.31,25.41,17
0,25.65,0,0.581,0.09849,5.879,95.8,2.0063,2,188,19.1,379.38,17.58,19
0,25.65,0,0.581,0.16902,5.986,88.4,1.9929,2,188,19.1,385.02,14.81,21
0,25.65,0,0.581,0.38735,5.613,95.6,1.7572,2,188,19.1,359.29,27.26,16
0,21.89,0,0.624,0.25915,5.693,96,1.7883,4,437,21.2,392.11,17.19,16
0,21.89,0,0.624,0.32543,6.431,98.8,1.8125,4,437,21.2,396.9,15.39,18
0,21.89,0,0.624,0.88125,5.637,94.7,1.9799,4,437,21.2,396.9,18.34,14
0,21.89,0,0.624,0.34006,6.458,98.9,2.1185,4,437,21.2,395.04,12.6,19
0,21.89,0,0.624,1.19294,6.326,97.7,2.271,4,437,21.2,396.9,12.26,20
0,21.89,0,0.624,0.59005,6.372,97.9,2.3274,4,437,21.2,385.76,11.12,23
0,21.89,0,0.624,0.32982,5.822,95.4,2.4699,4,437,21.2,388.69,15.03,18
0,21.89,0,0.624,0.97617,5.757,98.4,2.346,4,437,21.2,262.76,17.31,16
0,21.89,0,0.624,0.55778,6.335,98.2,2.1107,4,437,21.2,394.67,16.96,18
0,21.89,0,0.624,0.32264,5.942,93.5,1.9669,4,437,21.2,378.25,16.9,17
0,21.89,0,0.624,0.35233,6.454,98.4,1.8498,4,437,21.2,394.08,14.59,17
0,21.89,0,0.624,0.2498,5.857,98.2,1.6686,4,437,21.2,392.04,21.32,13
0,21.89,0,0.624,0.54452,6.151,97.9,1.6687,4,437,21.2,396.9,18.46,18
0,21.89,0,0.624,0.2909,6.174,93.6,1.6119,4,437,21.2,388.08,24.16,14
0,21.89,0,0.624,1.62864,5.019,100,1.4394,4,437,21.2,396.9,34.41,14
0,19.58,1,0.871,3.32105,5.403,100,1.3216,5,403,14.7,396.9,26.82,13
0,19.58,0,0.871,4.0974,5.468,100,1.4118,5,403,14.7,396.9,26.42,16
0,19.58,0,0.871,2.77974,4.903,97.8,1.3459,5,403,14.7,396.9,29.29,12
0,19.58,0,0.871,2.37934,6.13,100,1.4191,5,403,14.7,172.91,27.8,14
0,19.58,0,0.871,2.15505,5.628,100,1.5166,5,403,14.7,169.27,16.65,16
0,19.58,0,0.871,2.36862,4.926,95.7,1.4608,5,403,14.7,391.71,29.53,15
0,19.58,0,0.871,2.33099,5.186,93.8,1.5296,5,403,14.7,356.99,28.32,18
0,19.58,0,0.871,2.73397,5.597,94.9,1.5257,5,403,14.7,351.85,21.45,15
0,19.58,0,0.871,1.6566,6.122,97.3,1.618,5,403,14.7,372.8,14.1,22
0,19.58,0,0.871,1.49632,5.404,100,1.5916,5,403,14.7,341.6,13.28,20
0,19.58,1,0.871,1.12658,5.012,88,1.6102,5,403,14.7,343.28,12.12,15
0,19.58,0,0.871,2.14918,5.709,98.5,1.6232,5,403,14.7,261.95,15.79,19
0,19.58,1,0.871,1.41385,6.129,96,1.7494,5,403,14.7,321.02,15.12,17
0,19.58,1,0.871,3.53501,6.152,82.6,1.7455,5,403,14.7,88.01,15.02,16
0,19.58,0,0.871,2.44668,5.272,94,1.7364,5,403,14.7,88.63,16.14,13
0,19.58,0,0.605,1.22358,6.943,97.4,1.8773,5,403,14.7,363.43,4.59,41
0,19.58,0,0.605,1.34284,6.066,100,1.7573,5,403,14.7,353.89,6.43,24
0,19.58,0,0.871,1.42502,6.51,100,1.7659,5,403,14.7,364.31,7.39,23
0,19.58,1,0.605,1.27346,6.25,92.6,1.7984,5,403,14.7,338.92,5.5,27
0,19.58,0,0.605,1.46336,7.489,90.8,1.9709,5,403,14.7,374.43,1.73,50
0,19.58,1,0.605,1.83377,7.802,98.2,2.0407,5,403,14.7,389.61,1.92,50
0,19.58,1,0.605,1.51902,8.375,93.9,2.162,5,403,14.7,388.45,3.32,50
0,19.58,0,0.605,2.24236,5.854,91.8,2.422,5,403,14.7,395.11,11.64,23
0,19.58,0,0.605,2.924,6.101,93,2.2834,5,403,14.7,240.16,9.81,25
0,19.58,0,0.605,2.01019,7.929,96.2,2.0459,5,403,14.7,369.3,3.7,50
0,19.58,0,0.605,1.80028,5.877,79.2,2.4259,5,403,14.7,227.61,12.14,24
0,19.58,0,0.605,2.3004,6.319,96.1,2.1,5,403,14.7,297.09,11.1,24
0,19.58,0,0.605,2.44953,6.402,95.2,2.2625,5,403,14.7,330.04,11.32,22
0,19.58,0,0.605,1.20742,5.875,94.6,2.4259,5,403,14.7,292.29,14.43,17
0,19.58,0,0.605,2.3139,5.88,97.3,2.3887,5,403,14.7,348.13,12.03,19
0,4.05,0,0.51,0.13914,5.572,88.5,2.5961,5,296,16.6,396.9,14.69,23
0,4.05,0,0.51,0.09178,6.416,84.1,2.6463,5,296,16.6,395.5,9.04,24
0,4.05,0,0.51,0.08447,5.859,68.7,2.7019,5,296,16.6,393.23,9.64,23
0,4.05,0,0.51,0.06664,6.546,33.1,3.1323,5,296,16.6,390.96,5.33,29
0,4.05,0,0.51,0.07022,6.02,47.2,3.5549,5,296,16.6,393.23,10.11,23
0,4.05,0,0.51,0.05425,6.315,73.4,3.3175,5,296,16.6,395.6,6.29,25
0,4.05,0,0.51,0.06642,6.86,74.4,2.9153,5,296,16.6,391.27,6.92,30
0,2.46,0,0.488,0.0578,6.98,58.4,2.829,3,193,17.8,396.9,5.04,37
0,2.46,0,0.488,0.06588,7.765,83.3,2.741,3,193,17.8,395.56,7.56,40
0,2.46,0,0.488,0.06888,6.144,62.2,2.5979,3,193,17.8,396.9,9.45,36
0,2.46,0,0.488,0.09103,7.155,92.2,2.7006,3,193,17.8,394.12,4.82,38
0,2.46,0,0.488,0.10008,6.563,95.6,2.847,3,193,17.8,396.9,5.68,33
0,2.46,0,0.488,0.08308,5.604,89.8,2.9879,3,193,17.8,391,13.98,26
0,2.46,0,0.488,0.06047,6.153,68.8,3.2797,3,193,17.8,387.11,13.15,30
0,2.46,0,0.488,0.05602,7.831,53.6,3.1992,3,193,17.8,392.63,4.45,50
45,3.44,0,0.437,0.07875,6.782,41.1,3.7886,5,398,15.2,393.87,6.68,32
45,3.44,0,0.437,0.12579,6.556,29.1,4.5667,5,398,15.2,382.84,4.56,30
45,3.44,0,0.437,0.0837,7.185,38.9,4.5667,5,398,15.2,396.9,5.39,35
45,3.44,0,0.437,0.09068,6.951,21.5,6.4798,5,398,15.2,377.68,5.1,37
45,3.44,0,0.437,0.06911,6.739,30.8,6.4798,5,398,15.2,389.71,4.69,31
45,3.44,0,0.437,0.08664,7.178,26.3,6.4798,5,398,15.2,390.49,2.87,36
60,2.93,0,0.401,0.02187,6.8,9.9,6.2196,1,265,15.6,393.37,5.03,31
60,2.93,0,0.401,0.01439,6.604,18.8,6.2196,1,265,15.6,376.7,4.38,29
80,0.46,0,0.422,0.01381,7.875,32,5.6484,4,255,14.4,394.23,2.97,50
80,1.52,0,0.404,0.04011,7.287,34.1,7.309,2,329,12.6,396.9,4.08,33
80,1.52,0,0.404,0.04666,7.107,36.6,7.309,2,329,12.6,354.31,8.61,30
80,1.52,0,0.404,0.03768,7.274,38.3,7.309,2,329,12.6,392.2,6.62,35
95,1.47,0,0.403,0.0315,6.975,15.3,7.6534,3,402,17,396.9,4.56,35
95,1.47,0,0.403,0.01778,7.135,13.9,7.6534,3,402,17,384.3,4.45,33
82.5,2.03,0,0.415,0.03445,6.162,38.4,6.27,2,348,14.7,393.77,7.43,24
82.5,2.03,0,0.415,0.02177,7.61,15.7,6.27,2,348,14.7,395.38,3.11,42
95,2.68,0,0.4161,0.0351,7.853,33.2,5.118,4,224,14.7,392.78,3.81,49
95,2.68,0,0.4161,0.02009,8.034,31.9,5.118,4,224,14.7,390.55,2.88,50
0,10.59,0,0.489,0.13642,5.891,22.3,3.9454,4,277,18.6,396.9,10.87,23
0,10.59,0,0.489,0.22969,6.326,52.5,4.3549,4,277,18.6,394.87,10.97,24
0,10.59,0,0.489,0.25199,5.783,72.7,4.3549,4,277,18.6,389.43,18.06,23
0,10.59,1,0.489,0.13587,6.064,59.1,4.2392,4,277,18.6,381.32,14.66,24
0,10.59,1,0.489,0.43571,5.344,100,3.875,4,277,18.6,396.9,23.09,20
0,10.59,1,0.489,0.17446,5.96,92.1,3.8771,4,277,18.6,393.25,17.27,22
0,10.59,1,0.489,0.37578,5.404,88.6,3.665,4,277,18.6,395.24,23.98,19
0,10.59,1,0.489,0.21719,5.807,53.8,3.6526,4,277,18.6,390.94,16.03,22
0,10.59,0,0.489,0.14052,6.375,32.3,3.9454,4,277,18.6,385.81,9.38,28
0,10.59,0,0.489,0.28955,5.412,9.8,3.5875,4,277,18.6,348.93,29.55,24
0,10.59,0,0.489,0.19802,6.182,42.4,3.9454,4,277,18.6,393.63,9.47,25
0,13.89,1,0.55,0.0456,5.888,56,3.1121,5,276,16.4,392.8,13.51,23
0,13.89,0,0.55,0.07013,6.642,85.1,3.4211,5,276,16.4,392.78,9.69,29
0,13.89,1,0.55,0.11069,5.951,93.8,2.8893,5,276,16.4,396.9,17.92,22
0,13.89,1,0.55,0.11425,6.373,92.4,3.3633,5,276,16.4,393.74,10.5,23
0,6.2,1,0.507,0.35809,6.951,88.5,2.8617,8,307,17.4,391.7,9.71,27
0,6.2,1,0.507,0.40771,6.164,91.3,3.048,8,307,17.4,395.24,21.46,22
0,6.2,1,0.507,0.62356,6.879,77.7,3.2721,8,307,17.4,390.39,9.93,28
0,6.2,0,0.507,0.6147,6.618,80.8,3.2721,8,307,17.4,396.9,7.6,30
0,6.2,0,0.504,0.31533,8.266,78.3,2.8944,8,307,17.4,385.05,4.14,45
0,6.2,0,0.504,0.52693,8.725,83,2.8944,8,307,17.4,382,4.63,50
0,6.2,0,0.504,0.38214,8.04,86.5,3.2157,8,307,17.4,387.38,3.13,38
0,6.2,0,0.504,0.41238,7.163,79.9,3.2157,8,307,17.4,372.08,6.36,32
0,6.2,0,0.504,0.29819,7.686,17,3.3751,8,307,17.4,377.51,3.92,47
0,6.2,0,0.504,0.44178,6.552,21.4,3.3751,8,307,17.4,380.34,3.76,32
0,6.2,0,0.504,0.537,5.981,68.1,3.6715,8,307,17.4,378.35,11.65,24
0,6.2,0,0.504,0.46296,7.412,76.9,3.6715,8,307,17.4,376.14,5.25,32
0,6.2,0,0.507,0.57529,8.337,73.3,3.8384,8,307,17.4,385.91,2.47,42
0,6.2,0,0.507,0.33147,8.247,70.4,3.6519,8,307,17.4,378.95,3.95,48
0,6.2,1,0.507,0.44791,6.726,66.5,3.6519,8,307,17.4,360.2,8.05,29
0,6.2,0,0.507,0.33045,6.086,61.5,3.6519,8,307,17.4,376.75,10.88,24
0,6.2,1,0.507,0.52058,6.631,76.5,4.148,8,307,17.4,388.45,9.54,25
0,6.2,0,0.507,0.51183,7.358,71.6,4.148,8,307,17.4,390.07,4.73,32
30,4.93,0,0.428,0.08244,6.481,18.5,6.1899,6,300,16.6,379.41,6.36,24
30,4.93,0,0.428,0.09252,6.606,42.2,6.1899,6,300,16.6,383.78,7.37,23
30,4.93,0,0.428,0.11329,6.897,54.3,6.3361,6,300,16.6,391.25,11.38,22
30,4.93,0,0.428,0.10612,6.095,65.1,6.3361,6,300,16.6,394.62,12.4,20
30,4.93,0,0.428,0.1029,6.358,52.9,7.0355,6,300,16.6,372.75,11.22,22
30,4.93,0,0.428,0.12757,6.393,7.8,7.0355,6,300,16.6,374.71,5.19,24
22,5.86,0,0.431,0.20608,5.593,76.5,7.9549,7,330,19.1,372.49,12.5,18
22,5.86,0,0.431,0.19133,5.605,70.2,7.9549,7,330,19.1,389.13,18.46,19
22,5.86,0,0.431,0.33983,6.108,34.9,8.0555,7,330,19.1,390.18,9.16,24
22,5.86,0,0.431,0.19657,6.226,79.2,8.0555,7,330,19.1,376.14,10.15,21
22,5.86,0,0.431,0.16439,6.433,49.1,7.8265,7,330,19.1,374.71,9.52,25
22,5.86,0,0.431,0.19073,6.718,17.5,7.8265,7,330,19.1,393.74,6.56,26
22,5.86,0,0.431,0.1403,6.487,13,7.3967,7,330,19.1,396.28,5.9,24
22,5.86,0,0.431,0.21409,6.438,8.9,7.3967,7,330,19.1,377.07,3.59,25
22,5.86,0,0.431,0.08221,6.957,6.8,8.9067,7,330,19.1,386.09,3.53,30
22,5.86,0,0.431,0.36894,8.259,8.4,8.9067,7,330,19.1,396.9,3.54,43
80,3.64,0,0.392,0.04819,6.108,32,9.2203,1,315,16.4,392.89,6.57,22
80,3.64,0,0.392,0.03548,5.876,19.1,9.2203,1,315,16.4,395.18,9.25,21
90,3.75,0,0.394,0.01538,7.454,34.2,6.3361,3,244,15.9,386.34,3.11,44
20,3.97,0,0.647,0.61154,8.704,86.9,1.801,5,264,13,389.7,5.12,50
20,3.97,0,0.647,0.66351,7.333,100,1.8946,5,264,13,383.29,7.79,36
20,3.97,0,0.647,0.65665,6.842,100,2.0107,5,264,13,391.93,6.9,30
20,3.97,0,0.647,0.54011,7.203,81.8,2.1121,5,264,13,392.8,9.59,34
20,3.97,0,0.647,0.53412,7.52,89.4,2.1398,5,264,13,388.37,7.26,43
20,3.97,0,0.647,0.52014,8.398,91.5,2.2885,5,264,13,386.86,5.91,49
20,3.97,0,0.647,0.82526,7.327,94.5,2.0788,5,264,13,393.42,11.25,31
20,3.97,0,0.647,0.55007,7.206,91.6,1.9301,5,264,13,387.89,8.1,37
20,3.97,0,0.647,0.76162,5.56,62.8,1.9865,5,264,13,392.4,10.45,23
20,3.97,0,0.647,0.7857,7.014,84.6,2.1329,5,264,13,384.07,14.79,31
20,3.97,0,0.575,0.57834,8.297,67,2.4216,5,264,13,384.54,7.44,50
20,3.97,0,0.575,0.5405,7.47,52.6,2.872,5,264,13,390.3,3.16,44
20,6.96,1,0.464,0.09065,5.92,61.5,3.9175,3,223,18.6,391.34,13.65,21
20,6.96,0,0.464,0.29916,5.856,42.1,4.429,3,223,18.6,388.65,13,21
20,6.96,0,0.464,0.16211,6.24,16.3,4.429,3,223,18.6,396.9,6.59,25
20,6.96,0,0.464,0.1146,6.538,58.7,3.9175,3,223,18.6,394.96,7.73,24
20,6.96,1,0.464,0.22188,7.691,51.8,4.3665,3,223,18.6,390.77,6.58,35
40,6.41,1,0.447,0.05644,6.758,32.9,4.0776,4,254,17.6,396.9,3.53,32
40,6.41,0,0.447,0.09604,6.854,42.8,4.2673,4,254,17.6,396.9,2.98,32
40,6.41,1,0.447,0.10469,7.267,49,4.7872,4,254,17.6,389.25,6.05,33
40,6.41,1,0.447,0.06127,6.826,27.6,4.8628,4,254,17.6,393.45,4.16,33
40,6.41,0,0.447,0.07978,6.482,32.1,4.1403,4,254,17.6,396.9,7.19,29
20,3.33,0,0.4429,0.21038,6.812,32.2,4.1007,5,216,14.9,396.9,4.85,35
20,3.33,0,0.4429,0.03578,7.82,64.5,4.6947,5,216,14.9,387.31,3.76,45
20,3.33,0,0.4429,0.03705,6.968,37.2,5.2447,5,216,14.9,392.23,4.59,35
20,3.33,1,0.4429,0.06129,7.645,49.7,5.2119,5,216,14.9,377.07,3.01,46
90,1.21,1,0.401,0.01501,7.923,24.8,5.885,1,198,13.6,395.52,3.16,50
90,2.97,0,0.4,0.00906,7.088,20.8,7.3073,1,285,15.3,394.72,7.85,32
55,2.25,0,0.389,0.01096,6.453,31.9,7.3073,1,300,15.3,394.72,8.23,22
80,1.76,0,0.385,0.01965,6.23,31.5,9.0892,1,241,18.2,341.6,12.93,20
52.5,5.32,0,0.405,0.03871,6.209,31.3,7.3172,6,293,16.6,396.9,7.14,23
52.5,5.32,0,0.405,0.0459,6.315,45.6,7.3172,6,293,16.6,396.9,7.6,22
52.5,5.32,0,0.405,0.04297,6.565,22.9,7.3172,6,293,16.6,371.72,9.51,25
80,4.95,0,0.411,0.03502,6.861,27.9,5.1167,4,245,19.2,396.9,3.33,29
80,4.95,0,0.411,0.07886,7.148,27.7,5.1167,4,245,19.2,396.9,3.56,37
80,4.95,0,0.411,0.03615,6.63,23.4,5.1167,4,245,19.2,396.9,4.7,28
0,13.92,0,0.437,0.08265,6.127,18.4,5.5027,4,289,16,396.9,8.58,24
0,13.92,0,0.437,0.08199,6.009,42.3,5.5027,4,289,16,396.9,10.4,22
0,13.92,0,0.437,0.12932,6.678,31.1,5.9604,4,289,16,396.9,6.27,29
0,13.92,0,0.437,0.05372,6.549,51,5.9604,4,289,16,392.85,7.39,27
0,13.92,0,0.437,0.14103,5.79,58,6.32,4,289,16,396.9,15.84,20
70,2.24,0,0.4,0.06466,6.345,20.1,7.8278,5,358,14.8,368.24,4.97,23
70,2.24,0,0.4,0.05561,7.041,10,7.8278,5,358,14.8,371.58,4.74,29
70,2.24,0,0.4,0.04417,6.871,47.4,7.8278,5,358,14.8,390.86,6.07,25
34,6.09,0,0.433,0.03537,6.59,40.4,5.4917,7,329,16.1,395.75,9.5,22
34,6.09,0,0.433,0.09266,6.495,18.4,5.4917,7,329,16.1,383.61,8.67,26
34,6.09,0,0.433,0.1,6.982,17.7,5.4917,7,329,16.1,390.43,4.86,33
33,2.18,0,0.472,0.05515,7.236,41.1,4.022,7,222,18.4,393.68,6.93,36
33,2.18,0,0.472,0.05479,6.616,58.1,3.37,7,222,18.4,393.36,8.93,28
33,2.18,0,0.472,0.07503,7.42,71.9,3.0992,7,222,18.4,396.9,6.47,33
33,2.18,0,0.472,0.04932,6.849,70.3,3.1827,7,222,18.4,396.9,7.53,28
0,9.9,0,0.544,0.49298,6.635,82.5,3.3175,4,304,18.4,396.9,4.54,23
0,9.9,0,0.544,0.3494,5.972,76.7,3.1025,4,304,18.4,396.24,9.97,20
0,9.9,0,0.544,2.63548,4.973,37.8,2.5194,4,304,18.4,350.45,12.64,16
0,9.9,0,0.544,0.79041,6.122,52.8,2.6403,4,304,18.4,396.9,5.98,22
0,9.9,0,0.544,0.26169,6.023,90.4,2.834,4,304,18.4,396.3,11.72,19
0,9.9,0,0.544,0.26938,6.266,82.8,3.2628,4,304,18.4,393.39,7.9,22
0,9.9,0,0.544,0.3692,6.567,87.3,3.6023,4,304,18.4,395.69,9.28,24
0,9.9,0,0.544,0.25356,5.705,77.7,3.945,4,304,18.4,396.42,11.5,16
0,9.9,0,0.544,0.31827,5.914,83.2,3.9986,4,304,18.4,390.7,18.33,18
0,9.9,0,0.544,0.24522,5.782,71.7,4.0317,4,304,18.4,396.9,15.94,20
0,9.9,0,0.544,0.40202,6.382,67.2,3.5325,4,304,18.4,395.21,10.36,23
0,9.9,0,0.544,0.47547,6.113,58.8,4.0019,4,304,18.4,396.23,12.73,21
0,7.38,0,0.493,0.1676,6.426,52.3,4.5404,5,287,19.6,396.9,7.2,24
0,7.38,0,0.493,0.18159,6.376,54.3,4.5404,5,287,19.6,396.9,6.87,23
0,7.38,0,0.493,0.35114,6.041,49.9,4.7211,5,287,19.6,396.9,7.7,20
0,7.38,0,0.493,0.28392,5.708,74.3,4.7211,5,287,19.6,391.13,11.74,19
0,7.38,0,0.493,0.34109,6.415,40.1,4.7211,5,287,19.6,396.9,6.12,25
0,7.38,0,0.493,0.19186,6.431,14.7,5.4159,5,287,19.6,393.68,5.08,25
0,7.38,0,0.493,0.30347,6.312,28.9,5.4159,5,287,19.6,396.9,6.15,23
0,7.38,0,0.493,0.24103,6.083,43.7,5.4159,5,287,19.6,396.9,12.79,22
0,3.24,0,0.46,0.06617,5.868,25.8,5.2146,4,430,16.9,382.44,9.97,19
0,3.24,0,0.46,0.06724,6.333,17.2,5.2146,4,430,16.9,375.21,7.34,23
0,3.24,0,0.46,0.04544,6.144,32.2,5.8736,4,430,16.9,368.57,9.09,20
35,6.06,0,0.4379,0.05023,5.706,28.4,6.6407,1,304,16.9,394.02,12.43,17
35,6.06,0,0.4379,0.03466,6.031,23.3,6.6407,1,304,16.9,362.25,7.83,19
0,5.19,0,0.515,0.05083,6.316,38.1,6.4584,5,224,20.2,389.71,5.68,22
0,5.19,0,0.515,0.03738,6.31,38.5,6.4584,5,224,20.2,389.4,6.75,21
0,5.19,0,0.515,0.03961,6.037,34.5,5.9853,5,224,20.2,396.9,8.01,21
0,5.19,0,0.515,0.03427,5.869,46.3,5.2311,5,224,20.2,396.9,9.8,20
0,5.19,0,0.515,0.03041,5.895,59.6,5.615,5,224,20.2,394.81,10.56,19
0,5.19,0,0.515,0.03306,6.059,37.3,4.8122,5,224,20.2,396.14,8.51,21
0,5.19,0,0.515,0.05497,5.985,45.4,4.8122,5,224,20.2,396.9,9.74,19
0,5.19,0,0.515,0.06151,5.968,58.5,4.8122,5,224,20.2,396.9,9.29,19
35,1.52,0,0.442,0.01301,7.241,49.3,7.0379,1,284,15.5,394.74,5.49,33
0,1.89,0,0.518,0.02498,6.54,59.7,6.2669,1,422,15.9,389.96,8.65,17
55,3.78,0,0.484,0.02543,6.696,56.4,5.7321,5,370,17.6,396.9,7.18,24
55,3.78,0,0.484,0.03049,6.874,28.1,6.4654,5,370,17.6,387.97,4.61,31
0,4.39,0,0.442,0.03113,6.014,48.5,8.0136,3,352,18.8,385.64,10.53,18
0,4.39,0,0.442,0.06162,5.898,52.3,8.0136,3,352,18.8,364.61,12.67,17
85,4.15,0,0.429,0.0187,6.516,27.7,8.5353,4,351,17.9,392.43,6.36,23
80,2.01,0,0.435,0.01501,6.635,29.7,8.344,4,280,17,390.94,5.99,25
40,1.25,0,0.429,0.02899,6.939,34.5,8.7921,1,335,19.7,389.85,5.89,27
40,1.25,0,0.429,0.06211,6.49,44.4,8.7921,1,335,19.7,396.9,5.98,23
60,1.69,0,0.411,0.0795,6.579,35.9,10.7103,4,411,18.3,370.78,5.49,24
60,1.69,0,0.411,0.07244,5.884,18.5,10.7103,4,411,18.3,392.33,7.79,19
90,2.02,0,0.41,0.01709,6.728,36.1,12.1265,5,187,17,384.46,4.5,30
80,1.91,0,0.413,0.04301,5.663,21.9,10.5857,4,334,22,382.8,8.05,18
80,1.91,0,0.413,0.10659,5.936,19.5,10.5857,4,334,22,376.04,5.57,21
0,18.1,1,0.77,8.98296,6.212,97.4,2.1222,24,666,20.2,377.73,17.6,18
0,18.1,1,0.77,3.8497,6.395,91,2.5052,24,666,20.2,391.34,13.27,22
0,18.1,1,0.77,5.20177,6.127,83.4,2.7227,24,666,20.2,395.43,11.48,23
0,18.1,0,0.77,4.26131,6.112,81.3,2.5091,24,666,20.2,390.74,12.67,23
0,18.1,0,0.77,4.54192,6.398,88,2.5182,24,666,20.2,374.56,7.79,25
0,18.1,0,0.77,3.83684,6.251,91.1,2.2955,24,666,20.2,350.65,14.19,20
0,18.1,0,0.77,3.67822,5.362,96.2,2.1036,24,666,20.2,380.79,10.19,21
0,18.1,1,0.77,4.22239,5.803,89,1.9047,24,666,20.2,353.04,14.64,17
0,18.1,1,0.718,3.47428,8.78,82.9,1.9047,24,666,20.2,354.55,5.29,22
0,18.1,0,0.718,4.55587,3.561,87.9,1.6132,24,666,20.2,354.7,7.12,28
0,18.1,0,0.718,3.69695,4.963,91.4,1.7523,24,666,20.2,316.03,14,22
0,18.1,0,0.631,13.5222,3.863,100,1.5106,24,666,20.2,131.42,13.33,23
0,18.1,0,0.631,4.89822,4.97,100,1.3325,24,666,20.2,375.52,3.26,50
0,18.1,1,0.631,5.66998,6.683,96.8,1.3567,24,666,20.2,375.33,3.73,50
0,18.1,1,0.631,6.53876,7.016,97.5,1.2024,24,666,20.2,392.05,2.96,50
0,18.1,0,0.631,9.2323,6.216,100,1.1691,24,666,20.2,366.15,9.53,50
0,18.1,1,0.668,8.26725,5.875,89.6,1.1296,24,666,20.2,347.88,8.88,50
0,18.1,0,0.668,11.1081,4.906,100,1.1742,24,666,20.2,396.9,34.77,14
0,18.1,0,0.668,18.4982,4.138,100,1.137,24,666,20.2,396.9,37.97,14
0,18.1,0,0.671,19.6091,7.313,97.9,1.3163,24,666,20.2,396.9,13.44,15
0,18.1,0,0.671,15.288,6.649,93.3,1.3449,24,666,20.2,363.02,23.24,14
0,18.1,0,0.671,9.82349,6.794,98.8,1.358,24,666,20.2,396.9,21.24,13
0,18.1,0,0.671,23.6482,6.38,96.2,1.3861,24,666,20.2,396.9,23.69,13
0,18.1,0,0.671,17.8667,6.223,100,1.3861,24,666,20.2,393.74,21.78,10
0,18.1,0,0.671,88.9762,6.968,91.9,1.4165,24,666,20.2,396.9,17.21,10
0,18.1,0,0.671,15.8744,6.545,99.1,1.5192,24,666,20.2,396.9,21.08,11
0,18.1,0,0.7,9.18702,5.536,100,1.5804,24,666,20.2,396.9,23.6,11
0,18.1,0,0.7,7.99248,5.52,100,1.5331,24,666,20.2,396.9,24.56,12
0,18.1,0,0.7,20.0849,4.368,91.2,1.4395,24,666,20.2,285.83,30.63,9
0,18.1,0,0.7,16.8118,5.277,98.1,1.4261,24,666,20.2,396.9,30.81,7
0,18.1,0,0.7,24.3938,4.652,100,1.4672,24,666,20.2,396.9,28.28,11
0,18.1,0,0.7,22.5971,5,89.5,1.5184,24,666,20.2,396.9,31.99,7
0,18.1,0,0.7,14.3337,4.88,100,1.5895,24,666,20.2,372.92,30.62,10
0,18.1,0,0.7,8.15174,5.39,98.9,1.7281,24,666,20.2,396.9,20.85,12
0,18.1,0,0.7,6.96215,5.713,97,1.9265,24,666,20.2,394.43,17.11,15
0,18.1,0,0.7,5.29305,6.051,82.5,2.1678,24,666,20.2,378.38,18.76,23
0,18.1,0,0.7,11.5779,5.036,97,1.77,24,666,20.2,396.9,25.68,10
0,18.1,0,0.693,8.64476,6.193,92.6,1.7912,24,666,20.2,396.9,15.17,14
0,18.1,0,0.693,13.3598,5.887,94.7,1.7821,24,666,20.2,396.9,16.35,13
0,18.1,0,0.693,8.71675,6.471,98.8,1.7257,24,666,20.2,391.98,17.12,13
0,18.1,0,0.693,5.87205,6.405,96,1.6768,24,666,20.2,396.9,19.37,13
0,18.1,0,0.693,7.67202,5.747,98.9,1.6334,24,666,20.2,393.1,19.92,9
0,18.1,0,0.693,38.3518,5.453,100,1.4896,24,666,20.2,396.9,30.59,5
0,18.1,0,0.693,9.91655,5.852,77.8,1.5004,24,666,20.2,338.16,29.97,6
0,18.1,0,0.693,25.0461,5.987,100,1.5888,24,666,20.2,396.9,26.77,6
0,18.1,0,0.693,14.2362,6.343,100,1.5741,24,666,20.2,396.9,20.32,7
0,18.1,0,0.693,9.59571,6.404,100,1.639,24,666,20.2,376.11,20.31,12
0,18.1,0,0.693,24.8017,5.349,96,1.7028,24,666,20.2,396.9,19.77,8
0,18.1,0,0.693,41.5292,5.531,85.4,1.6074,24,666,20.2,329.46,27.38,9
0,18.1,0,0.693,67.9208,5.683,100,1.4254,24,666,20.2,384.97,22.98,5
0,18.1,0,0.659,20.7162,4.138,100,1.1781,24,666,20.2,370.22,23.34,12
0,18.1,0,0.659,11.9511,5.608,100,1.2852,24,666,20.2,332.09,12.13,28
0,18.1,0,0.597,7.40389,5.617,97.9,1.4547,24,666,20.2,314.64,26.4,17
0,18.1,0,0.597,14.4383,6.852,100,1.4655,24,666,20.2,179.36,19.78,28
0,18.1,0,0.597,51.1358,5.757,100,1.413,24,666,20.2,2.6,10.11,15
0,18.1,0,0.597,14.0507,6.657,100,1.5275,24,666,20.2,35.05,21.22,17
0,18.1,0,0.597,18.811,4.628,100,1.5539,24,666,20.2,28.79,34.37,18
0,18.1,0,0.597,28.6558,5.155,100,1.5894,24,666,20.2,210.97,20.08,16
0,18.1,0,0.693,45.7461,4.519,100,1.6582,24,666,20.2,88.27,36.98,7
0,18.1,0,0.679,18.0846,6.434,100,1.8347,24,666,20.2,27.25,29.05,7
0,18.1,0,0.679,10.8342,6.782,90.8,1.8195,24,666,20.2,21.57,25.79,8
0,18.1,0,0.679,25.9406,5.304,89.1,1.6475,24,666,20.2,127.36,26.64,10
0,18.1,0,0.679,73.5341,5.957,100,1.8026,24,666,20.2,16.45,20.62,9
0,18.1,0,0.718,11.8123,6.824,76.5,1.794,24,666,20.2,48.45,22.74,8
0,18.1,0,0.718,11.0874,6.411,100,1.8589,24,666,20.2,318.75,15.02,17
0,18.1,0,0.718,7.02259,6.006,95.3,1.8746,24,666,20.2,319.98,15.7,14
0,18.1,0,0.614,12.0482,5.648,87.6,1.9512,24,666,20.2,291.55,14.1,21
0,18.1,0,0.614,7.05042,6.103,85.1,2.0218,24,666,20.2,2.52,23.29,13
0,18.1,0,0.584,8.79212,5.565,70.6,2.0635,24,666,20.2,3.65,17.16,12
0,18.1,0,0.679,15.8603,5.896,95.4,1.9096,24,666,20.2,7.68,24.39,8
0,18.1,0,0.584,12.2472,5.837,59.7,1.9976,24,666,20.2,24.65,15.69,10
0,18.1,0,0.679,37.6619,6.202,78.7,1.8629,24,666,20.2,18.82,14.52,11
0,18.1,0,0.679,7.36711,6.193,78.1,1.9356,24,666,20.2,96.73,21.52,11
0,18.1,0,0.679,9.33889,6.38,95.6,1.9682,24,666,20.2,60.72,24.08,10
0,18.1,0,0.584,8.49213,6.348,86.1,2.0527,24,666,20.2,83.45,17.64,15
0,18.1,0,0.584,10.0623,6.833,94.3,2.0882,24,666,20.2,81.33,19.69,14
0,18.1,0,0.584,6.44405,6.425,74.8,2.2004,24,666,20.2,97.95,12.03,16
0,18.1,0,0.713,5.58107,6.436,87.9,2.3158,24,666,20.2,100.19,16.22,14
0,18.1,0,0.713,13.9134,6.208,95,2.2222,24,666,20.2,100.63,15.17,12
0,18.1,0,0.74,11.1604,6.629,94.6,2.1247,24,666,20.2,109.85,23.27,13
0,18.1,0,0.74,14.4208,6.461,93.3,2.0026,24,666,20.2,27.49,18.05,10
0,18.1,0,0.74,15.1772,6.152,100,1.9142,24,666,20.2,9.32,26.45,9
0,18.1,0,0.74,13.6781,5.935,87.9,1.8206,24,666,20.2,68.95,34.02,8
0,18.1,0,0.74,9.39063,5.627,93.9,1.8172,24,666,20.2,396.9,22.88,13
0,18.1,0,0.74,22.0511,5.818,92.4,1.8662,24,666,20.2,391.45,22.11,11
0,18.1,0,0.74,9.72418,6.406,97.2,2.0651,24,666,20.2,385.96,19.52,17
0,18.1,0,0.74,5.66637,6.219,100,2.0048,24,666,20.2,395.69,16.59,18
0,18.1,0,0.74,9.96654,6.485,100,1.9784,24,666,20.2,386.73,18.85,15
0,18.1,0,0.74,12.8023,5.854,96.6,1.8956,24,666,20.2,240.52,23.79,11
0,18.1,0,0.74,10.6718,6.459,94.8,1.9879,24,666,20.2,43.06,23.98,12
0,18.1,0,0.74,6.28807,6.341,96.4,2.072,24,666,20.2,318.01,17.79,15
0,18.1,0,0.74,9.92485,6.251,96.6,2.198,24,666,20.2,388.52,16.44,13
0,18.1,0,0.713,9.32909,6.185,98.7,2.2616,24,666,20.2,396.9,18.13,14
0,18.1,0,0.713,7.52601,6.417,98.3,2.185,24,666,20.2,304.21,19.31,13
0,18.1,0,0.713,6.71772,6.749,92.6,2.3236,24,666,20.2,0.32,17.44,13
0,18.1,0,0.713,5.44114,6.655,98.2,2.3552,24,666,20.2,355.29,17.73,15
0,18.1,0,0.713,5.09017,6.297,91.8,2.3682,24,666,20.2,385.09,17.27,16
0,18.1,0,0.713,8.24809,7.393,99.3,2.4527,24,666,20.2,375.87,16.74,18
0,18.1,0,0.713,9.51363,6.728,94.1,2.4961,24,666,20.2,6.68,18.71,15
0,18.1,0,0.713,4.75237,6.525,86.5,2.4358,24,666,20.2,50.92,18.13,14
0,18.1,0,0.713,4.66883,5.976,87.9,2.5806,24,666,20.2,10.48,19.01,13
0,18.1,0,0.713,8.20058,5.936,80.3,2.7792,24,666,20.2,3.5,16.94,14
0,18.1,0,0.713,7.75223,6.301,83.7,2.7831,24,666,20.2,272.21,16.23,15
0,18.1,0,0.713,6.80117,6.081,84.4,2.7175,24,666,20.2,396.9,14.7,20
0,18.1,0,0.713,4.81213,6.701,90,2.5975,24,666,20.2,255.23,16.42,16
0,18.1,0,0.713,3.69311,6.376,88.4,2.5671,24,666,20.2,391.43,14.65,18
0,18.1,0,0.713,6.65492,6.317,83,2.7344,24,666,20.2,396.9,13.99,20
0,18.1,0,0.713,5.82115,6.513,89.9,2.8016,24,666,20.2,393.82,10.29,20
0,18.1,0,0.655,7.83932,6.209,65.4,2.9634,24,666,20.2,396.9,13.22,21
0,18.1,0,0.655,3.1636,5.759,48.2,3.0665,24,666,20.2,334.4,14.13,20
0,18.1,0,0.655,3.77498,5.952,84.7,2.8715,24,666,20.2,22.01,17.15,19
0,18.1,0,0.584,4.42228,6.003,94.5,2.5403,24,666,20.2,331.29,21.32,19
0,18.1,0,0.58,15.5757,5.926,71,2.9084,24,666,20.2,368.74,18.13,19
0,18.1,0,0.58,13.0751,5.713,56.7,2.8237,24,666,20.2,396.9,14.76,20
0,18.1,0,0.58,4.34879,6.167,84,3.0334,24,666,20.2,396.9,16.29,20
0,18.1,0,0.532,4.03841,6.229,90.7,3.0993,24,666,20.2,395.33,12.87,20
0,18.1,0,0.58,3.56868,6.437,75,2.8965,24,666,20.2,393.37,14.36,23
0,18.1,0,0.614,4.64689,6.98,67.6,2.5329,24,666,20.2,374.68,11.66,30
0,18.1,0,0.584,8.05579,5.427,95.4,2.4298,24,666,20.2,352.58,18.14,14
0,18.1,0,0.584,6.39312,6.162,97.4,2.206,24,666,20.2,302.76,24.1,13
0,18.1,0,0.614,4.87141,6.484,93.6,2.3053,24,666,20.2,396.21,18.68,17
0,18.1,0,0.614,15.0234,5.304,97.3,2.1007,24,666,20.2,349.48,24.91,12
0,18.1,0,0.614,10.233,6.185,96.7,2.1705,24,666,20.2,379.7,18.03,15
0,18.1,0,0.614,14.3337,6.229,88,1.9512,24,666,20.2,383.32,13.11,21
0,18.1,0,0.532,5.82401,6.242,64.7,3.4242,24,666,20.2,396.9,10.74,23
0,18.1,0,0.532,5.70818,6.75,74.9,3.3317,24,666,20.2,393.07,7.74,24
0,18.1,0,0.532,5.73116,7.061,77,3.4106,24,666,20.2,395.28,7.01,25
0,18.1,0,0.532,2.81838,5.762,40.3,4.0983,24,666,20.2,392.92,10.42,22
0,18.1,0,0.583,2.37857,5.871,41.9,3.724,24,666,20.2,370.73,13.34,21
0,18.1,0,0.583,3.67367,6.312,51.9,3.9917,24,666,20.2,388.62,10.58,21
0,18.1,0,0.583,5.69175,6.114,79.8,3.5459,24,666,20.2,392.68,14.98,19
0,18.1,0,0.583,4.83567,5.905,53.2,3.1523,24,666,20.2,388.22,11.45,21
0,27.74,0,0.609,0.15086,5.454,92.7,1.8209,4,711,20.1,395.09,18.06,15
0,27.74,0,0.609,0.18337,5.414,98.3,1.7554,4,711,20.1,344.05,23.97,7
0,27.74,0,0.609,0.20746,5.093,98,1.8226,4,711,20.1,318.43,29.68,8
0,27.74,0,0.609,0.10574,5.983,98.8,1.8681,4,711,20.1,390.11,18.07,14
0,27.74,0,0.609,0.11132,5.983,83.5,2.1099,4,711,20.1,396.9,13.35,20
0,9.69,0,0.585,0.17331,5.707,54,2.3817,6,391,19.2,396.9,12.01,22
0,9.69,0,0.585,0.27957,5.926,42.6,2.3817,6,391,19.2,396.9,13.59,25
0,9.69,0,0.585,0.17899,5.67,28.8,2.7986,6,391,19.2,393.29,17.6,23
0,9.69,0,0.585,0.2896,5.39,72.9,2.7986,6,391,19.2,396.9,21.14,20
0,9.69,0,0.585,0.26838,5.794,70.6,2.8927,6,391,19.2,396.9,14.1,18
0,9.69,0,0.585,0.23912,6.019,65.3,2.4091,6,391,19.2,396.9,12.92,21
0,9.69,0,0.585,0.17783,5.569,73.5,2.3999,6,391,19.2,395.77,15.1,18
0,9.69,0,0.585,0.22438,6.027,79.7,2.4982,6,391,19.2,396.9,14.33,17
0,11.93,0,0.573,0.06263,6.593,69.1,2.4786,1,273,21,391.99,9.67,22
0,11.93,0,0.573,0.04527,6.12,76.7,2.2875,1,273,21,396.9,9.08,21
0,11.93,0,0.573,0.06076,6.976,91,2.1675,1,273,21,396.9,5.64,24
0,11.93,0,0.573,0.10959,6.794,89.3,2.3889,1,273,21,393.45,6.48,22
0,11.93,0,0.573,0.04741,6.03,80.8,2.505,1,273,21,396.9,7.88,12
